Habitat_Multiplier,score
0.025118864315095798,-172.61482867100767
0.1,-142.79940291878574
0.3981071705534972,-35.07713295836584
1.5848931924611125,-21.94733264885963
6.30957344480193,-42.14620047234803
25.118864315095795,-87.2118391461454
