Habitat_Multiplier,score
0.025118864315095798,-174.66177472352956
0.1,-135.55466986924603
0.3981071705534972,-40.4740482869629
1.5848931924611125,-25.349703454554856
6.30957344480193,-43.54980284894509
25.118864315095795,-82.35765809537315
