Habitat_Multiplier,score
0.025118864315095798,-176.82844367551934
0.1,-133.85571311290914
0.3981071705534972,-37.82487177432449
1.5848931924611125,-22.130895150202377
6.30957344480193,-44.79366102185668
25.118864315095795,-85.56080764308695
