Habitat_Multiplier,score
0.025118864315095798,-176.91699384333333
0.1,-140.81207003048075
0.3981071705534972,-39.1582013721918
1.5848931924611125,-23.239195642508548
6.30957344480193,-45.44675086606776
25.118864315095795,-88.06241273218279
