Habitat_Multiplier,score
0.025118864315095798,-164.8248319216682
0.1,-131.95800353472714
0.3981071705534972,-38.06836232773276
1.5848931924611125,-24.18530118518902
6.30957344480193,-46.26082789053953
25.118864315095795,-84.90959021906656
