Habitat_Multiplier,score
0.025118864315095798,-22.836184577073254
0.1,-13.084763040917096
0.3981071705534972,-8.510459887738762
1.5848931924611125,-23.039749663379553
6.30957344480193,-54.07944888833572
25.118864315095795,-95.01024941790456
