Habitat_Multiplier,score
0.025118864315095798,-22.57774416626671
0.1,-15.29745858599108
0.3981071705534972,-8.250319828046486
1.5848931924611125,-23.228370406508475
6.30957344480193,-56.12837825317001
25.118864315095795,-93.25293665965637
