Habitat_Multiplier,score
0.025118864315095798,-23.64711952413745
0.1,-15.72875144957834
0.3981071705534972,-8.818870215731295
1.5848931924611125,-22.348289172547084
6.30957344480193,-53.16497327013212
25.118864315095795,-97.0062055730541
