Habitat_Multiplier,score
0.025118864315095798,-25.113499652744395
0.1,-16.383712358398043
0.3981071705534972,-8.270410838559656
1.5848931924611125,-23.68252410657442
6.30957344480193,-51.06739079860108
25.118864315095795,-94.72472465114652
