Habitat_Multiplier,score
0.025118864315095798,-21.439897798974926
0.1,-18.865767511438207
0.3981071705534972,-9.090220090984985
1.5848931924611125,-22.96819876418158
6.30957344480193,-54.49891721860922
25.118864315095795,-95.64175807515312
