Habitat_Multiplier,score
0.025118864315095798,-171.2163969866724
0.1,-103.74426331026007
0.3981071705534972,-59.68185750865905
1.5848931924611125,-65.01460407558625
6.30957344480193,-102.30676118489191
25.118864315095795,-137.36491604973457
