Habitat_Multiplier,score
0.025118864315095798,-168.02521019774576
0.1,-135.09849860431768
0.3981071705534972,-59.510723176825195
1.5848931924611125,-69.04518015274198
6.30957344480193,-97.71543765580009
25.118864315095795,-139.47702186509355
