Habitat_Multiplier,score
0.025118864315095798,-162.81988780631127
0.1,-134.40114647391692
0.3981071705534972,-57.98570278827265
1.5848931924611125,-71.88350279524593
6.30957344480193,-96.01157212485396
25.118864315095795,-138.1807090879131
