Habitat_Multiplier,score
0.025118864315095798,-165.5560383915663
0.1,-116.47987962872048
0.3981071705534972,-59.15703354753623
1.5848931924611125,-67.95739557279512
6.30957344480193,-101.68167210699721
25.118864315095795,-141.91458844628005
