Habitat_Multiplier,score
0.025118864315095798,-172.90804661000493
0.1,-126.71997240836754
0.3981071705534972,-60.43759628182306
1.5848931924611125,-70.02889332078257
6.30957344480193,-97.71826943616225
25.118864315095795,-138.3624399505702
