Habitat_Multiplier,score
0.025118864315095798,-158.144130046624
0.1,-98.64142070046182
0.3981071705534972,-37.04253436411682
1.5848931924611125,-23.334559136554162
6.30957344480193,-30.222912192553395
25.118864315095795,-56.503880784972125
