Habitat_Multiplier,score
0.025118864315095798,-148.86372693405247
0.1,-105.35968971358398
0.3981071705534972,-37.05404048507535
1.5848931924611125,-21.04815495198318
6.30957344480193,-31.275448892214627
25.118864315095795,-53.43545174588053
