Habitat_Multiplier,score
0.025118864315095798,-151.40236097257275
0.1,-107.36476470796242
0.3981071705534972,-33.23128958046391
1.5848931924611125,-23.166581435827084
6.30957344480193,-31.84806686668253
25.118864315095795,-56.106537072421816
