Habitat_Multiplier,score
0.025118864315095798,-154.01267464295142
0.1,-111.82779362824203
0.3981071705534972,-30.958854692707973
1.5848931924611125,-22.69765952955322
6.30957344480193,-31.070244292882307
25.118864315095795,-56.387938747849375
