Habitat_Multiplier,score
0.025118864315095798,-156.11567039212878
0.1,-111.24655461236853
0.3981071705534972,-38.43458790488239
1.5848931924611125,-23.133931431205383
6.30957344480193,-28.01663744555981
25.118864315095795,-51.55196211738098
