Habitat_Multiplier,score
0.025118864315095798,-26.585720790924825
0.1,-15.66771267218337
0.3981071705534972,-30.730111615600435
1.5848931924611125,-59.793323618573595
6.30957344480193,-90.03141763538997
25.118864315095795,-130.1121800555693
