Habitat_Multiplier,score
0.025118864315095798,-29.839378799517362
0.1,-14.13820872465476
0.3981071705534972,-27.462481237144402
1.5848931924611125,-62.516227360114044
6.30957344480193,-88.54821872414618
25.118864315095795,-126.9434176420616
