Habitat_Multiplier,score
0.025118864315095798,-35.71353130193347
0.1,-16.426165499481613
0.3981071705534972,-27.262811719064757
1.5848931924611125,-62.33706558974927
6.30957344480193,-87.32672672652961
25.118864315095795,-125.39385394796113
