Habitat_Multiplier,score
0.025118864315095798,-33.82123291533844
0.1,-14.34360476031361
0.3981071705534972,-28.75838538584776
1.5848931924611125,-56.767061033147
6.30957344480193,-90.40604215290341
25.118864315095795,-126.57718552091433
