Habitat_Multiplier,score
0.025118864315095798,-33.19216534784573
0.1,-13.740893873995446
0.3981071705534972,-32.5993198638721
1.5848931924611125,-60.75249978253578
6.30957344480193,-92.682192195894
25.118864315095795,-125.73535786900288
