Habitat_Multiplier,score
0.025118864315095798,-269.4122996290871
0.1,-219.1569516272075
0.3981071705534972,-92.00006748435862
1.5848931924611125,-53.38286746621907
6.30957344480193,-21.001079426691376
25.118864315095795,-16.935886236629358
