Habitat_Multiplier,score
0.025118864315095798,-274.4532581495432
0.1,-215.8639543621066
0.3981071705534972,-106.8245007238911
1.5848931924611125,-48.16224733310037
6.30957344480193,-23.98370328694864
25.118864315095795,-15.232459661457597
