Habitat_Multiplier,score
0.025118864315095798,-272.6403608615674
0.1,-211.01714706046914
0.3981071705534972,-90.19853669325676
1.5848931924611125,-44.064369964959496
6.30957344480193,-22.288140509081586
25.118864315095795,-17.36293906003789
