Habitat_Multiplier,score
0.025118864315095798,-272.9465651118089
0.1,-207.98364881073576
0.3981071705534972,-95.40892143708152
1.5848931924611125,-45.93342403948782
6.30957344480193,-20.425850045945936
25.118864315095795,-16.34390164253682
