Habitat_Multiplier,score
0.025118864315095798,-276.63516252237514
0.1,-214.76425599288905
0.3981071705534972,-96.07056171470776
1.5848931924611125,-50.74597166826834
6.30957344480193,-20.47963067278397
25.118864315095795,-16.813512115528965
