Habitat_Multiplier,score
0.025118864315095798,-226.49334898797224
0.1,-188.60686506868387
0.3981071705534972,-80.30071371348822
1.5848931924611125,-33.48711144161052
6.30957344480193,-21.480134953145807
25.118864315095795,-22.904251495098833
