Habitat_Multiplier,score
0.025118864315095798,-229.52132752789566
0.1,-213.66481639800804
0.3981071705534972,-75.19392012032586
1.5848931924611125,-31.24730769838925
6.30957344480193,-20.716216581085064
25.118864315095795,-22.966890709016297
