Habitat_Multiplier,score
0.025118864315095798,-229.45007234826062
0.1,-224.9562121550398
0.3981071705534972,-74.83158119343898
1.5848931924611125,-35.829679788493195
6.30957344480193,-21.441808058842525
25.118864315095795,-22.283011519590673
