Habitat_Multiplier,score
0.025118864315095798,-234.4158162591575
0.1,-215.269310705532
0.3981071705534972,-78.51075136515828
1.5848931924611125,-35.34045717656454
6.30957344480193,-23.602513333117713
25.118864315095795,-22.91478219154942
