Habitat_Multiplier,score
0.025118864315095798,-229.69092248290963
0.1,-232.25063707253776
0.3981071705534972,-77.56877110398364
1.5848931924611125,-35.929852958420724
6.30957344480193,-21.19629682240884
25.118864315095795,-24.3468232028913
