month,cases,seasonality_archetype,population,incidence
1,48.75823226,AA,1000,48.75823226
2,51.75811319,AA,1000,51.75811319
3,46.63903933,AA,1000,46.63903933
4,53.37463008,AA,1000,53.37463008
5,45.15748947,AA,1000,45.15748947
6,79.96860009,AA,1000,79.96860009
7,100,AA,1000,100
8,86.89159859,AA,1000,86.89159859
9,78.06485918,AA,1000,78.06485918
10,93.98257546,AA,1000,93.98257546
11,81.16500992,AA,1000,81.16500992
12,78.82556531,AA,1000,78.82556531
