admin_name,Run_Number,Habitat_Multiplier
AA,0,0.595662144
BB,0,1.122018454
CC,0,0.167880402
DD,0,1.122018454
EE,0,1.122018454
FF,0,2.11348904
GG,0,2.11348904
