month,day,itn_use_scalar
1,0,1
2,31,0.777086137
3,59,0.634084791
4,90,0.659320323
5,120,0.558378197
6,151,0.781292059
7,181,0.831763122
8,212,0.97897039
9,243,0.911675639
10,273,0.924293405
11,304,0.903263795
12,334,0.987382234
