admin_name,U5_coverage,adult_coverage,severe_coverage,year,simday,duration
AA,0.477017552,0.477017552,0.8,2022,0,-1
BB,0.477017552,0.477017552,0.8,2022,0,-1
CC,0.383033219,0.383033219,0.766066439,2022,0,-1
DD,0.434131723,0.434131723,0.8,2022,0,-1
EE,0.41719739,0.41719739,0.8,2022,0,-1
