year,admin_name,access,simday,duration,coverage,net_life_lognormal_mu,net_life_lognormal_sigma,bio_mortality,block_initial,kill_initial,indoor_net_protection,llin_type
2022,AA,0.00701423,0,-1,0.006312807,6.420126265,0.8,0.319067389,0.643909998,0.213427459,0.75,standard
2022,BB,0.00214869,0,-1,0.001933821,6.420126265,0.8,0.311454386,0.63943816,0.209071347,0.75,standard
2022,CC,0,0,-1,0,6.420126265,0.8,0.658846787,0.837215033,0.468406347,0.75,standard
2022,DD,0.00250781,0,-1,0.002257029,6.420126265,0.8,0.476373849,0.739697707,0.318153138,0.75,standard
2022,EE,0.13877308,0,-1,0.124895772,6.420126265,0.8,0.358412263,0.667478558,0.237004184,0.75,standard
2022,FF,0.09115685,0,-1,0.082041165,6.420126265,0.8,0.416945424,0.703381595,0.275358164,0.75,standard
2022,GG,0.04796932,0,-1,0.043172388,6.420126265,0.8,0.429058332,0.710839076,0.283774698,0.75,standard
